{
  "mae": 1900.2273222703213,
  "rmse": 2907.2035617160655,
  "r2": 0.9309190399035506,
  "train_rows": 160,
  "test_rows": 41
}